label,total
tcre,0.0486650755447151
costmitigunit,0.14296692722086393
costremovunit,0.008121711038144963
econdampct,0.01419710411231638
discrate,0.8602856067087531
