label,total
tcre,0.11697896902984062
costmitigunit,0.008013758965579704
costremovunit,0.000951931658849539
econdampct,0.006529161463770811
discrate,0.902697796230389
