label,total
tcre,0.11543634589531722
costmitigunit,0.006102841841548846
costremovunit,0.0012792080989833497
econdampct,0.004747510995173766
discrate,0.8991179117628114
