label,total
tcre,0.050567579030610973
costmitigunit,0.13840913596091473
costremovunit,0.014056000185179282
econdampct,0.019735388626964855
discrate,0.846585035985069
