label,total
tcre,0.9999977144680576
costmitigunit,2.0647146522728466e-07
costremovunit,1.6684650853588995e-07
econdampct,3.667460851058472e-08
discrate,1.4450601100890705e-06
