label,total
tcre,0.2744784624134612
costmitigunit,0.048335519391320456
costremovunit,0.0037027731264337575
econdampct,0.006596990041971028
discrate,0.8208270221538961
